[
    {
        "key": "group_5b0fc0ab1254f",
        "title": "guide achat",
        "fields": [
            {
                "key": "field_5b0fc08215a01",
                "label": "Texte",
                "name": "btnTR",
                "type": "text",
                "instructions": "Consulter les \"nom du produit\"",
                "required": 0,
                "conditional_logic": 0,
                "wrapper": {
                    "width": "",
                    "class": "",
                    "id": ""
                },
                "default_value": "Consulter",
                "placeholder": "",
                "prepend": "",
                "append": "",
                "maxlength": ""
            },
            {
                "key": "field_5b0fc08238d62",
                "label": "Identifiant unique",
                "name": "id",
                "type": "number",
                "instructions": "Numéro unique servant à la génération du menu de navigation sur la page.",
                "required": 0,
                "conditional_logic": 0,
                "wrapper": {
                    "width": "20",
                    "class": "",
                    "id": ""
                },
                "default_value": "",
                "placeholder": "",
                "prepend": "",
                "append": "",
                "min": "",
                "max": "",
                "step": ""
            },
            {
                "key": "field_5b0fc0ab67aa9",
                "label": "Bouton vers tableau de résultat",
                "name": "btn-tr",
                "type": "group",
                "instructions": "",
                "required": 0,
                "conditional_logic": 0,
                "wrapper": {
                    "width": "",
                    "class": "",
                    "id": ""
                },
                "layout": "row",
                "sub_fields": [
                    {
                        "key": "field_5b0fc0ab6e051",
                        "label": "Texte",
                        "name": "btnTR",
                        "type": "text",
                        "instructions": "Consulter les \"nom du produit\"",
                        "required": 0,
                        "conditional_logic": 0,
                        "wrapper": {
                            "width": "",
                            "class": "",
                            "id": ""
                        },
                        "default_value": "Consulter",
                        "placeholder": "",
                        "prepend": "",
                        "append": "",
                        "maxlength": ""
                    },
                    {
                        "key": "field_5b0fc0ab6e0e4",
                        "label": "URL",
                        "name": "url-tr",
                        "type": "url",
                        "instructions": "Vérifier que l'URL soit dans la bonne langue",
                        "required": 0,
                        "conditional_logic": 0,
                        "wrapper": {
                            "width": "",
                            "class": "",
                            "id": ""
                        },
                        "default_value": "",
                        "placeholder": ""
                    }
                ]
            },
            {
                "key": "field_5b0fc08215a98",
                "label": "URL",
                "name": "url-tr",
                "type": "url",
                "instructions": "Vérifier que l'URL soit dans la bonne langue",
                "required": 0,
                "conditional_logic": 0,
                "wrapper": {
                    "width": "",
                    "class": "",
                    "id": ""
                },
                "default_value": "",
                "placeholder": ""
            },
            {
                "key": "field_5b0fc08238df3",
                "label": "Question",
                "name": "question",
                "type": "text",
                "instructions": "Entrez ici une question",
                "required": 0,
                "conditional_logic": 0,
                "wrapper": {
                    "width": "80",
                    "class": "",
                    "id": ""
                },
                "default_value": "",
                "placeholder": "",
                "prepend": "",
                "append": "",
                "maxlength": ""
            },
            {
                "key": "field_5b0fc0ab67b33",
                "label": "Toutes les questions du guides d'achat :",
                "name": "repeat_question",
                "type": "repeater",
                "instructions": "",
                "required": 0,
                "conditional_logic": 0,
                "wrapper": {
                    "width": "",
                    "class": "",
                    "id": ""
                },
                "collapsed": "",
                "min": 0,
                "max": 0,
                "layout": "block",
                "button_label": "Ajouter une question",
                "sub_fields": [
                    {
                        "key": "field_5b0fc0ab8650f",
                        "label": "Identifiant unique",
                        "name": "id",
                        "type": "number",
                        "instructions": "Numéro unique servant à la génération du menu de navigation sur la page.",
                        "required": 0,
                        "conditional_logic": 0,
                        "wrapper": {
                            "width": "20",
                            "class": "",
                            "id": ""
                        },
                        "default_value": "",
                        "placeholder": "",
                        "prepend": "",
                        "append": "",
                        "min": "",
                        "max": "",
                        "step": ""
                    },
                    {
                        "key": "field_5b0fc0ab865a3",
                        "label": "Question",
                        "name": "question",
                        "type": "text",
                        "instructions": "Entrez ici une question",
                        "required": 0,
                        "conditional_logic": 0,
                        "wrapper": {
                            "width": "80",
                            "class": "",
                            "id": ""
                        },
                        "default_value": "",
                        "placeholder": "",
                        "prepend": "",
                        "append": "",
                        "maxlength": ""
                    },
                    {
                        "key": "field_5b0fc0ab8662a",
                        "label": "Réponse à la question",
                        "name": "REAPreponse",
                        "type": "repeater",
                        "instructions": "Vous pouvez faire le choix de diviser la réponse en plusieurs sous partie.",
                        "required": 0,
                        "conditional_logic": 0,
                        "wrapper": {
                            "width": "100",
                            "class": "",
                            "id": ""
                        },
                        "collapsed": "",
                        "min": 0,
                        "max": 0,
                        "layout": "table",
                        "button_label": "Ajouter une section à cette réponse",
                        "sub_fields": [
                            {
                                "key": "field_5b0fc0ab99499",
                                "label": "Votre texte :",
                                "name": "text",
                                "type": "wysiwyg",
                                "instructions": "Coller votre texte avec  ctrl + maj + V",
                                "required": 0,
                                "conditional_logic": 0,
                                "wrapper": {
                                    "width": "80",
                                    "class": "",
                                    "id": ""
                                },
                                "default_value": "",
                                "tabs": "all",
                                "toolbar": "full",
                                "media_upload": 0,
                                "delay": 0
                            },
                            {
                                "key": "field_5b0fc0ab99531",
                                "label": "Image",
                                "name": "placement_image",
                                "type": "button_group",
                                "instructions": "",
                                "required": 0,
                                "conditional_logic": 0,
                                "wrapper": {
                                    "width": "",
                                    "class": "",
                                    "id": ""
                                },
                                "choices": {
                                    "aucune": "aucune",
                                    "gauche": "gauche",
                                    "droite": "droite"
                                },
                                "allow_null": 1,
                                "default_value": "aucune",
                                "layout": "vertical",
                                "return_format": "label"
                            },
                            {
                                "key": "field_5b0fc0ab995b9",
                                "label": "Choix d'image",
                                "name": "imageRep",
                                "type": "image",
                                "instructions": "",
                                "required": 0,
                                "conditional_logic": [
                                    [
                                        {
                                            "field": "field_5b0fc0ab99531",
                                            "operator": "!=",
                                            "value": "aucune"
                                        }
                                    ]
                                ],
                                "wrapper": {
                                    "width": "20",
                                    "class": "",
                                    "id": ""
                                },
                                "return_format": "array",
                                "preview_size": "medium",
                                "library": "uploadedTo",
                                "min_width": 250,
                                "min_height": "",
                                "min_size": "",
                                "max_width": "",
                                "max_height": "",
                                "max_size": "",
                                "mime_types": ""
                            }
                        ]
                    },
                    {
                        "key": "field_5b0fc0ab866af",
                        "label": "Ajouter une liste à point ?",
                        "name": "list",
                        "type": "button_group",
                        "instructions": "Cette liste à point apparaît sur la partie droite de la section",
                        "required": 0,
                        "conditional_logic": 0,
                        "wrapper": {
                            "width": "",
                            "class": "",
                            "id": ""
                        },
                        "choices": {
                            "nolist": "Non, Pas de liste",
                            "yeslist": "Oui s'il te plait  !"
                        },
                        "allow_null": 1,
                        "default_value": "No list",
                        "layout": "horizontal",
                        "return_format": "value"
                    },
                    {
                        "key": "field_5b0fc0ab86734",
                        "label": "Liste à point",
                        "name": "list-recap",
                        "type": "wysiwyg",
                        "instructions": "Le première ligne sera le titre de la liste",
                        "required": 0,
                        "conditional_logic": [
                            [
                                {
                                    "field": "field_5b0fc0ab866af",
                                    "operator": "==",
                                    "value": "yeslist"
                                }
                            ]
                        ],
                        "wrapper": {
                            "width": "100",
                            "class": "",
                            "id": ""
                        },
                        "default_value": "",
                        "tabs": "visual",
                        "toolbar": "full",
                        "media_upload": 0,
                        "delay": 0
                    }
                ]
            },
            {
                "key": "field_5b0fc08238e79",
                "label": "Réponse à la question",
                "name": "REAPreponse",
                "type": "repeater",
                "instructions": "Vous pouvez faire le choix de diviser la réponse en plusieurs sous partie.",
                "required": 0,
                "conditional_logic": 0,
                "wrapper": {
                    "width": "100",
                    "class": "",
                    "id": ""
                },
                "collapsed": "",
                "min": 0,
                "max": 0,
                "layout": "table",
                "button_label": "Ajouter une section à cette réponse",
                "sub_fields": [
                    {
                        "key": "field_5b0fc0824a73a",
                        "label": "Votre texte :",
                        "name": "text",
                        "type": "wysiwyg",
                        "instructions": "Coller votre texte avec  ctrl + maj + V",
                        "required": 0,
                        "conditional_logic": 0,
                        "wrapper": {
                            "width": "80",
                            "class": "",
                            "id": ""
                        },
                        "default_value": "",
                        "tabs": "all",
                        "toolbar": "full",
                        "media_upload": 0,
                        "delay": 0
                    },
                    {
                        "key": "field_5b0fc0824a7d1",
                        "label": "Image",
                        "name": "placement_image",
                        "type": "button_group",
                        "instructions": "",
                        "required": 0,
                        "conditional_logic": 0,
                        "wrapper": {
                            "width": "",
                            "class": "",
                            "id": ""
                        },
                        "choices": {
                            "aucune": "aucune",
                            "gauche": "gauche",
                            "droite": "droite"
                        },
                        "allow_null": 1,
                        "default_value": "aucune",
                        "layout": "vertical",
                        "return_format": "label"
                    },
                    {
                        "key": "field_5b0fc0824a858",
                        "label": "Choix d'image",
                        "name": "imageRep",
                        "type": "image",
                        "instructions": "",
                        "required": 0,
                        "conditional_logic": [
                            [
                                {
                                    "field": "field_5b0fc0824a7d1",
                                    "operator": "!=",
                                    "value": "aucune"
                                }
                            ]
                        ],
                        "wrapper": {
                            "width": "20",
                            "class": "",
                            "id": ""
                        },
                        "return_format": "array",
                        "preview_size": "medium",
                        "library": "uploadedTo",
                        "min_width": 250,
                        "min_height": "",
                        "min_size": "",
                        "max_width": "",
                        "max_height": "",
                        "max_size": "",
                        "mime_types": ""
                    }
                ]
            },
            {
                "key": "field_5b0fc08238efd",
                "label": "Ajouter une liste à point ?",
                "name": "list",
                "type": "button_group",
                "instructions": "Cette liste à point apparaît sur la partie droite de la section",
                "required": 0,
                "conditional_logic": 0,
                "wrapper": {
                    "width": "",
                    "class": "",
                    "id": ""
                },
                "choices": {
                    "nolist": "Non, Pas de liste",
                    "yeslist": "Oui s'il te plait  !"
                },
                "allow_null": 1,
                "default_value": "No list",
                "layout": "horizontal",
                "return_format": "value"
            },
            {
                "key": "field_5b0fc08238f81",
                "label": "Liste à point",
                "name": "list-recap",
                "type": "wysiwyg",
                "instructions": "Le première ligne sera le titre de la liste",
                "required": 0,
                "conditional_logic": [
                    [
                        {
                            "field": "field_5b0fc08238efd",
                            "operator": "==",
                            "value": "yeslist"
                        }
                    ]
                ],
                "wrapper": {
                    "width": "100",
                    "class": "",
                    "id": ""
                },
                "default_value": "",
                "tabs": "visual",
                "toolbar": "full",
                "media_upload": 0,
                "delay": 0
            }
        ],
        "location": [
            [
                {
                    "param": "post_type",
                    "operator": "==",
                    "value": "post"
                }
            ]
        ],
        "menu_order": 0,
        "position": "normal",
        "style": "seamless",
        "label_placement": "top",
        "instruction_placement": "label",
        "hide_on_screen": [
            "discussion",
            "comments",
            "author",
            "format",
            "page_attributes",
            "send-trackbacks"
        ],
        "active": 1,
        "description": ""
    }
]